test_id,label
3917,Forest
3864,Pasture
3736,Industrial
511,SeaLake
3365,HerbaceousVegetation
1504,SeaLake
2573,AnnualCrop
3638,Pasture
2445,HerbaceousVegetation
4129,Forest
3945,Forest
3632,Pasture
3627,Highway
566,AnnualCrop
2955,Residential
1478,HerbaceousVegetation
1578,SeaLake
209,SeaLake
94,HerbaceousVegetation
2424,Highway
366,Highway
3050,HerbaceousVegetation
3622,Pasture
1892,HerbaceousVegetation
3996,Forest
1777,SeaLake
819,Residential
1612,Industrial
636,SeaLake
3366,River
723,HerbaceousVegetation
2695,AnnualCrop
588,HerbaceousVegetation
2037,SeaLake
3813,Highway
549,HerbaceousVegetation
3678,Pasture
599,AnnualCrop
4097,Forest
2649,Industrial
2614,SeaLake
1662,HerbaceousVegetation
1911,Pasture
56,Residential
2392,HerbaceousVegetation
2237,AnnualCrop
281,SeaLake
1672,Pasture
3941,SeaLake
3053,SeaLake
2204,SeaLake
2896,AnnualCrop
1053,HerbaceousVegetation
2981,Industrial
2632,Forest
776,Pasture
2586,Residential
302,Highway
3641,Pasture
2125,AnnualCrop
567,AnnualCrop
426,AnnualCrop
3829,SeaLake
3887,SeaLake
2687,Residential
2510,Pasture
3252,AnnualCrop
1219,HerbaceousVegetation
3738,Forest
1674,Pasture
668,AnnualCrop
1645,Forest
1012,Industrial
3456,HerbaceousVegetation
1183,SeaLake
2722,SeaLake
1515,HerbaceousVegetation
1356,SeaLake
985,HerbaceousVegetation
3311,AnnualCrop
4126,HerbaceousVegetation
1180,AnnualCrop
1306,Forest
3097,Residential
1368,Residential
2451,Pasture
454,Residential
1179,HerbaceousVegetation
2890,Forest
121,SeaLake
1705,SeaLake
3383,Residential
3140,AnnualCrop
138,River
398,SeaLake
4116,AnnualCrop
1711,AnnualCrop
241,HerbaceousVegetation
2732,HerbaceousVegetation
4121,HerbaceousVegetation
4038,Pasture
401,HerbaceousVegetation
2321,AnnualCrop
3758,AnnualCrop
242,Pasture
3707,Pasture
4060,Pasture
102,Forest
687,HerbaceousVegetation
2091,SeaLake
1495,SeaLake
2219,Forest
2129,HerbaceousVegetation
1448,Pasture
3159,Highway
846,SeaLake
1246,SeaLake
1296,HerbaceousVegetation
47,SeaLake
1804,SeaLake
1531,Pasture
239,Residential
1182,Highway
3072,HerbaceousVegetation
1867,River
263,SeaLake
640,HerbaceousVegetation
1256,SeaLake
2409,Pasture
2823,Forest
1493,Residential
2077,HerbaceousVegetation
691,Pasture
425,Forest
363,Highway
197,Residential
310,SeaLake
655,HerbaceousVegetation
3073,Pasture
634,SeaLake
4101,SeaLake
3295,Pasture
4,HerbaceousVegetation
4203,AnnualCrop
252,Industrial
494,HerbaceousVegetation
4192,HerbaceousVegetation
2119,SeaLake
3685,HerbaceousVegetation
830,HerbaceousVegetation
2315,Forest
3936,SeaLake
694,Industrial
1172,Forest
1308,Pasture
1954,HerbaceousVegetation
605,Residential
1991,Residential
462,Residential
1503,AnnualCrop
110,Industrial
1959,HerbaceousVegetation
3778,Pasture
2591,HerbaceousVegetation
1636,Industrial
704,Pasture
3342,SeaLake
165,Residential
2605,SeaLake
3441,SeaLake
488,SeaLake
1906,SeaLake
2060,Pasture
2629,Forest
1113,River
2745,Industrial
2499,SeaLake
3199,Pasture
4177,AnnualCrop
2164,SeaLake
4050,HerbaceousVegetation
112,Forest
1828,HerbaceousVegetation
938,SeaLake
784,Pasture
3576,River
2396,Residential
1066,Forest
3470,Pasture
3715,HerbaceousVegetation
1668,AnnualCrop
3602,SeaLake
90,Forest
1738,Pasture
3192,Forest
132,SeaLake
3196,SeaLake
1115,Forest
1667,SeaLake
2447,River
1437,Pasture
136,Forest
265,HerbaceousVegetation
1552,HerbaceousVegetation
83,Residential
2208,HerbaceousVegetation
79,SeaLake
140,AnnualCrop
351,Forest
2755,HerbaceousVegetation
2743,River
3465,Forest
2503,Pasture
2879,AnnualCrop
589,Industrial
2360,Forest
884,SeaLake
2550,River
193,Residential
2212,Pasture
3944,HerbaceousVegetation
810,HerbaceousVegetation
4092,SeaLake
3723,HerbaceousVegetation
2569,HerbaceousVegetation
829,SeaLake
117,HerbaceousVegetation
3983,River
3630,SeaLake
2312,SeaLake
2930,SeaLake
326,Pasture
989,AnnualCrop
1507,AnnualCrop
2522,Pasture
2658,Forest
3810,AnnualCrop
832,Forest
1658,AnnualCrop
1749,Forest
3434,HerbaceousVegetation
3030,SeaLake
2228,AnnualCrop
1796,SeaLake
182,Forest
295,SeaLake
654,AnnualCrop
3011,Pasture
1881,Pasture
2041,AnnualCrop
3423,Residential
1637,AnnualCrop
3884,Residential
3713,HerbaceousVegetation
3038,HerbaceousVegetation
592,AnnualCrop
3099,SeaLake
1905,HerbaceousVegetation
2307,HerbaceousVegetation
540,Industrial
324,Highway
1932,SeaLake
3076,SeaLake
741,Industrial
3653,Industrial
3890,AnnualCrop
1299,Forest
1812,SeaLake
2909,SeaLake
1420,HerbaceousVegetation
2491,Forest
3284,SeaLake
722,Pasture
2814,Pasture
787,HerbaceousVegetation
783,HerbaceousVegetation
3363,HerbaceousVegetation
1900,SeaLake
532,Pasture
659,Pasture
1748,Pasture
480,Highway
3972,HerbaceousVegetation
2792,HerbaceousVegetation
387,HerbaceousVegetation
2301,Pasture
718,Forest
1166,HerbaceousVegetation
736,Pasture
1432,HerbaceousVegetation
507,Residential
2140,Forest
3694,Industrial
971,SeaLake
7,SeaLake
4197,SeaLake
3801,HerbaceousVegetation
2104,SeaLake
3909,Highway
3462,AnnualCrop
683,Forest
705,Pasture
2089,Forest
794,Residential
2785,SeaLake
739,AnnualCrop
1032,SeaLake
1428,SeaLake
901,Forest
2264,SeaLake
979,SeaLake
1962,Pasture
1007,Forest
2529,SeaLake
2066,Forest
3420,Residential
1036,Forest
4122,AnnualCrop
3024,SeaLake
1358,HerbaceousVegetation
2803,SeaLake
1270,Forest
1683,HerbaceousVegetation
52,SeaLake
2961,Forest
3816,Forest
3572,SeaLake
1453,HerbaceousVegetation
524,AnnualCrop
1099,Forest
2043,HerbaceousVegetation
2346,HerbaceousVegetation
828,SeaLake
1518,Pasture
1262,Forest
290,Pasture
3912,HerbaceousVegetation
3401,HerbaceousVegetation
2661,River
1715,AnnualCrop
85,SeaLake
1696,SeaLake
2061,SeaLake
1786,AnnualCrop
3374,Residential
675,SeaLake
1853,Highway
3985,River
1436,Forest
3501,HerbaceousVegetation
1759,Forest
2476,Forest
3057,Forest
2111,HerbaceousVegetation
1480,Forest
3562,Forest
744,AnnualCrop
282,River
1114,HerbaceousVegetation
1827,Highway
2069,Pasture
3781,SeaLake
466,SeaLake
1208,HerbaceousVegetation
1839,Industrial
2756,SeaLake
1940,Residential
3863,Highway
3187,HerbaceousVegetation
2624,AnnualCrop
1446,Pasture
1382,HerbaceousVegetation
417,Industrial
4213,Residential
1055,AnnualCrop
142,AnnualCrop
1704,SeaLake
923,SeaLake
2964,Pasture
3500,HerbaceousVegetation
3916,SeaLake
1400,HerbaceousVegetation
3741,HerbaceousVegetation
2603,River
3585,SeaLake
3095,SeaLake
2170,HerbaceousVegetation
3257,Industrial
210,SeaLake
2817,Forest
735,Residential
3943,HerbaceousVegetation
3854,SeaLake
3337,SeaLake
2230,Pasture
266,SeaLake
1516,Forest
1449,Forest
1593,Forest
353,SeaLake
3958,Highway
2918,Forest
3534,Residential
3160,Industrial
2397,SeaLake
1601,Forest
3060,Pasture
1581,HerbaceousVegetation
1752,Residential
3555,HerbaceousVegetation
4084,Residential
2936,HerbaceousVegetation
3387,AnnualCrop
3559,Pasture
1868,River
1861,SeaLake
187,SeaLake
1122,AnnualCrop
3620,SeaLake
200,HerbaceousVegetation
3063,River
2996,SeaLake
491,Pasture
947,Forest
38,SeaLake
3757,SeaLake
3804,Industrial
3393,Pasture
125,SeaLake
2377,SeaLake
3460,HerbaceousVegetation
3351,HerbaceousVegetation
648,AnnualCrop
2607,Pasture
222,Industrial
2663,Residential
1956,SeaLake
1372,Pasture
2368,AnnualCrop
3904,Residential
2966,Pasture
314,AnnualCrop
3336,Forest
2773,Residential
2536,Residential
1090,HerbaceousVegetation
498,River
404,SeaLake
1983,SeaLake
1440,HerbaceousVegetation
3012,Forest
1895,Pasture
3175,River
1206,River
3019,Pasture
931,SeaLake
575,Industrial
2788,HerbaceousVegetation
115,SeaLake
2806,HerbaceousVegetation
2337,Residential
2518,HerbaceousVegetation
1989,Pasture
3349,Forest
288,AnnualCrop
423,AnnualCrop
357,SeaLake
92,SeaLake
3977,AnnualCrop
2727,Forest
1065,HerbaceousVegetation
1994,Pasture
2888,River
3580,HerbaceousVegetation
518,SeaLake
849,Residential
1288,River
2825,River
853,SeaLake
4173,HerbaceousVegetation
2816,Pasture
3777,Highway
2130,SeaLake
3493,SeaLake
3980,SeaLake
871,Residential
2801,SeaLake
2211,HerbaceousVegetation
3696,SeaLake
1476,Industrial
128,AnnualCrop
3183,SeaLake
109,Industrial
1588,SeaLake
3445,River
1106,HerbaceousVegetation
2477,AnnualCrop
2253,River
3656,SeaLake
1691,Forest
2988,Forest
2919,Forest
1595,AnnualCrop
1365,SeaLake
2795,Pasture
327,SeaLake
4145,AnnualCrop
710,Forest
1899,Pasture
4064,SeaLake
677,HerbaceousVegetation
2836,Forest
3213,SeaLake
305,HerbaceousVegetation
1798,Pasture
4170,SeaLake
3731,AnnualCrop
1744,SeaLake
152,Pasture
2000,River
2017,HerbaceousVegetation
3802,AnnualCrop
2998,AnnualCrop
3574,Pasture
2190,Forest
1582,Forest
686,Pasture
1064,River
1215,Pasture
3014,SeaLake
3318,SeaLake
1871,Highway
2610,Industrial
2039,HerbaceousVegetation
214,Forest
4033,AnnualCrop
4125,Forest
3356,Pasture
2809,River
3755,Industrial
2448,SeaLake
3583,HerbaceousVegetation
4017,SeaLake
259,HerbaceousVegetation
4134,HerbaceousVegetation
2298,HerbaceousVegetation
889,SeaLake
484,HerbaceousVegetation
1029,Pasture
3584,Pasture
1338,Forest
99,HerbaceousVegetation
3321,AnnualCrop
1807,HerbaceousVegetation
279,SeaLake
2546,Industrial
4223,Residential
2991,AnnualCrop
1529,HerbaceousVegetation
2874,Industrial
1118,Pasture
2351,Pasture
2436,Pasture
46,Forest
2497,Industrial
790,Pasture
673,Forest
3221,SeaLake
2095,Residential
1100,SeaLake
527,Pasture
446,HerbaceousVegetation
639,Industrial
622,HerbaceousVegetation
268,River
587,Pasture
637,HerbaceousVegetation
1942,Residential
1920,Industrial
476,HerbaceousVegetation
3695,Pasture
3646,Highway
1817,AnnualCrop
306,SeaLake
516,Forest
251,SeaLake
3800,HerbaceousVegetation
3931,AnnualCrop
1611,AnnualCrop
2905,SeaLake
1005,SeaLake
1542,HerbaceousVegetation
2330,SeaLake
2009,SeaLake
2543,Forest
2221,SeaLake
3245,SeaLake
1038,Industrial
2200,Residential
3669,SeaLake
2926,HerbaceousVegetation
3746,Industrial
1692,Residential
1603,Forest
167,Pasture
3664,SeaLake
316,Industrial
3853,SeaLake
3666,AnnualCrop
1616,HerbaceousVegetation
3817,SeaLake
336,SeaLake
1673,Pasture
333,AnnualCrop
1864,AnnualCrop
2593,AnnualCrop
2364,SeaLake
3923,SeaLake
2131,HerbaceousVegetation
1875,AnnualCrop
2107,SeaLake
1769,HerbaceousVegetation
1929,SeaLake
1857,AnnualCrop
2313,HerbaceousVegetation
3083,SeaLake
1984,Forest
2740,Pasture
4143,Forest
2923,SeaLake
2783,Highway
2241,Highway
768,Pasture
3838,HerbaceousVegetation
2892,HerbaceousVegetation
3151,AnnualCrop
1383,Forest
932,Pasture
3416,River
1101,River
2489,SeaLake
2210,SeaLake
2882,Forest
1490,Highway
486,Pasture
1245,SeaLake
946,Forest
250,SeaLake
3007,HerbaceousVegetation
1633,Forest
13,Residential
2608,AnnualCrop
2324,HerbaceousVegetation
1916,SeaLake
611,Pasture
4085,SeaLake
199,Pasture
2183,HerbaceousVegetation
3136,HerbaceousVegetation
3243,Pasture
3530,HerbaceousVegetation
1540,HerbaceousVegetation
3276,SeaLake
1488,Industrial
2326,SeaLake
615,Forest
3427,SeaLake
8,HerbaceousVegetation
816,SeaLake
1197,SeaLake
2387,HerbaceousVegetation
3013,Forest
4042,Highway
2263,Pasture
1626,SeaLake
467,HerbaceousVegetation
584,Forest
1263,Residential
2627,AnnualCrop
1869,Forest
4102,HerbaceousVegetation
3788,Highway
1702,Forest
3725,HerbaceousVegetation
2012,HerbaceousVegetation
2343,Forest
3497,SeaLake
2287,Forest
120,SeaLake
4168,SeaLake
990,Forest
1337,Pasture
966,SeaLake
1193,Pasture
3066,HerbaceousVegetation
2509,SeaLake
2143,Forest
3389,HerbaceousVegetation
1810,SeaLake
579,HerbaceousVegetation
355,Residential
4153,HerbaceousVegetation
3621,HerbaceousVegetation
547,HerbaceousVegetation
2340,Industrial
3724,SeaLake
3872,Pasture
3720,AnnualCrop
1080,Forest
2517,HerbaceousVegetation
3162,Forest
1719,HerbaceousVegetation
2233,AnnualCrop
531,SeaLake
3163,SeaLake
3532,AnnualCrop
1617,AnnualCrop
3881,SeaLake
1171,Highway
1684,Forest
1416,Forest
2334,Pasture
1422,Highway
4053,River
3554,AnnualCrop
264,HerbaceousVegetation
196,Pasture
3068,SeaLake
1236,HerbaceousVegetation
844,Forest
3866,River
3546,SeaLake
3503,Forest
4043,SeaLake
2619,Forest
756,SeaLake
1470,SeaLake
321,Pasture
2851,SeaLake
2024,Forest
1083,Forest
3950,AnnualCrop
1846,Industrial
3020,Pasture
2173,Industrial
15,Forest
928,AnnualCrop
285,HerbaceousVegetation
17,River
4117,HerbaceousVegetation
2406,Industrial
2468,Forest
856,HerbaceousVegetation
894,AnnualCrop
2054,SeaLake
1977,AnnualCrop
2686,Residential
271,SeaLake
2134,Industrial
2460,SeaLake
3839,Pasture
3533,AnnualCrop
440,HerbaceousVegetation
1411,SeaLake
317,AnnualCrop
356,SeaLake
4026,SeaLake
2354,HerbaceousVegetation
2019,HerbaceousVegetation
3525,SeaLake
170,Pasture
3371,Pasture
2913,Forest
3449,Pasture
1945,SeaLake
726,SeaLake
1829,SeaLake
1255,Forest
3543,HerbaceousVegetation
1096,SeaLake
2410,Highway
400,AnnualCrop
270,SeaLake
3322,SeaLake
4115,AnnualCrop
2178,SeaLake
2189,SeaLake
2861,Forest
2703,SeaLake
3467,Pasture
1509,HerbaceousVegetation
2465,Industrial
3711,Pasture
1964,Forest
3335,Pasture
114,HerbaceousVegetation
2433,Forest
2235,Pasture
3612,SeaLake
1843,SeaLake
3353,Forest
470,HerbaceousVegetation
4034,SeaLake
2474,SeaLake
1790,Residential
3395,Forest
3739,Forest
2478,Pasture
824,SeaLake
1429,SeaLake
2622,AnnualCrop
2528,Forest
583,SeaLake
195,HerbaceousVegetation
2759,SeaLake
1934,HerbaceousVegetation
2943,Pasture
3521,SeaLake
30,AnnualCrop
4182,Forest
1847,HerbaceousVegetation
2635,Forest
1336,Pasture
1499,SeaLake
1876,River
3861,Pasture
4225,SeaLake
1811,Pasture
2769,SeaLake
495,SeaLake
3984,SeaLake
3022,Forest
3676,HerbaceousVegetation
2011,Forest
234,HerbaceousVegetation
1286,Pasture
619,Pasture
4163,Forest
4048,Pasture
607,Pasture
553,AnnualCrop
3355,HerbaceousVegetation
2616,HerbaceousVegetation
719,Pasture
3836,SeaLake
3473,AnnualCrop
2978,Pasture
173,SeaLake
133,Forest
3753,HerbaceousVegetation
272,HerbaceousVegetation
850,AnnualCrop
2957,AnnualCrop
3468,Forest
1521,Industrial
3684,Forest
3528,Pasture
362,River
1972,HerbaceousVegetation
3495,SeaLake
2416,Forest
2641,HerbaceousVegetation
1725,Pasture
1278,HerbaceousVegetation
4052,Highway
3443,AnnualCrop
3263,SeaLake
556,SeaLake
267,AnnualCrop
3650,HerbaceousVegetation
415,HerbaceousVegetation
221,SeaLake
1386,Pasture
4216,HerbaceousVegetation
2628,SeaLake
2864,SeaLake
3154,Residential
1997,HerbaceousVegetation
2493,AnnualCrop
1801,Pasture
2148,HerbaceousVegetation
1075,HerbaceousVegetation
1155,AnnualCrop
378,HerbaceousVegetation
2167,Forest
431,Forest
536,AnnualCrop
172,HerbaceousVegetation
2020,Forest
3548,Forest
3412,HerbaceousVegetation
749,HerbaceousVegetation
1536,AnnualCrop
2678,Pasture
2902,AnnualCrop
2490,HerbaceousVegetation
2277,Pasture
1605,SeaLake
1714,SeaLake
3927,SeaLake
3328,AnnualCrop
2748,Forest
3280,Pasture
1046,SeaLake
3376,Pasture
3784,Residential
296,AnnualCrop
3719,SeaLake
1184,Industrial
4141,Forest
3895,HerbaceousVegetation
4171,AnnualCrop
2950,AnnualCrop
220,Forest
1408,SeaLake
2216,Pasture
3992,AnnualCrop
1727,River
2822,Pasture
3304,Forest
1001,SeaLake
3046,River
2634,SeaLake
3540,HerbaceousVegetation
660,SeaLake
760,Highway
3102,Residential
4184,SeaLake
2872,Industrial
2675,AnnualCrop
3190,SeaLake
3782,Forest
554,SeaLake
76,AnnualCrop
970,Residential
2651,SeaLake
2846,SeaLake
1397,HerbaceousVegetation
4074,Pasture
2085,Highway
2935,AnnualCrop
1079,HerbaceousVegetation
3392,Industrial
1152,AnnualCrop
4162,Residential
1624,Forest
2921,HerbaceousVegetation
3220,Pasture
1851,HerbaceousVegetation
315,HerbaceousVegetation
81,Forest
3329,SeaLake
3210,SeaLake
2205,HerbaceousVegetation
191,Highway
2952,River
2194,HerbaceousVegetation
3229,HerbaceousVegetation
905,SeaLake
2254,SeaLake
4010,Forest
564,Industrial
3103,SeaLake
1897,Pasture
534,Pasture
3448,HerbaceousVegetation
3114,Highway
1927,Pasture
2970,AnnualCrop
1998,AnnualCrop
1771,AnnualCrop
3547,Forest
557,SeaLake
283,Residential
2481,HerbaceousVegetation
4160,Pasture
3330,Forest
1505,Highway
375,Pasture
2533,SeaLake
4002,River
734,AnnualCrop
2268,SeaLake
2417,Pasture
875,Pasture
2847,AnnualCrop
2594,Highway
2606,Highway
3369,SeaLake
1709,HerbaceousVegetation
1985,SeaLake
1968,SeaLake
1438,SeaLake
2779,SeaLake
2097,Residential
4107,SeaLake
2314,HerbaceousVegetation
3681,Highway
3834,Pasture
3961,Industrial
3550,SeaLake
1979,Forest
2372,Pasture
1227,HerbaceousVegetation
2276,AnnualCrop
1664,SeaLake
3792,HerbaceousVegetation
762,Pasture
1175,AnnualCrop
2157,SeaLake
4069,River
1806,HerbaceousVegetation
1035,Forest
1442,HerbaceousVegetation
3305,Residential
87,Pasture
2682,Forest
2979,Residential
1234,AnnualCrop
3902,SeaLake
2993,HerbaceousVegetation
2229,HerbaceousVegetation
3637,SeaLake
1656,SeaLake
49,HerbaceousVegetation
3352,AnnualCrop
2381,Pasture
716,Pasture
2280,Forest
3779,SeaLake
1767,SeaLake
2168,Forest
2225,HerbaceousVegetation
2963,Forest
490,HerbaceousVegetation
3814,HerbaceousVegetation
3084,AnnualCrop
223,HerbaceousVegetation
2454,AnnualCrop
3439,Forest
2399,SeaLake
1057,SeaLake
219,SeaLake
3598,Pasture
1402,Industrial
3177,HerbaceousVegetation
1992,SeaLake
228,HerbaceousVegetation
512,River
2005,HerbaceousVegetation
3104,SeaLake
1681,HerbaceousVegetation
2862,SeaLake
746,SeaLake
2215,AnnualCrop
3924,SeaLake
131,HerbaceousVegetation
593,Residential
4012,Pasture
1625,HerbaceousVegetation
2810,Pasture
1623,SeaLake
1728,AnnualCrop
1188,Forest
1957,HerbaceousVegetation
2341,Industrial
809,Pasture
3185,Forest
3591,Residential
2269,SeaLake
3308,AnnualCrop
3750,Industrial
1010,Pasture
3790,Pasture
1312,Forest
1914,Industrial
3156,Forest
1103,AnnualCrop
2246,SeaLake
838,Forest
3989,River
1202,SeaLake
576,Industrial
959,HerbaceousVegetation
771,Pasture
3269,Pasture
3845,Residential
3317,Industrial
273,Residential
836,HerbaceousVegetation
181,SeaLake
3170,AnnualCrop
1174,AnnualCrop
2712,Pasture
198,AnnualCrop
3948,SeaLake
1334,Residential
1849,HerbaceousVegetation
3907,Industrial
616,Highway
1840,AnnualCrop
2206,Industrial
3997,HerbaceousVegetation
1642,SeaLake
1902,SeaLake
3111,Forest
3474,SeaLake
1186,Residential
912,AnnualCrop
2257,HerbaceousVegetation
3176,Forest
463,SeaLake
1701,Pasture
2969,Forest
703,Highway
3674,SeaLake
45,Pasture
2985,AnnualCrop
1677,SeaLake
638,HerbaceousVegetation
3105,Pasture
2666,Forest
2413,Pasture
3926,SeaLake
3976,SeaLake
1891,HerbaceousVegetation
2027,SeaLake
3258,SeaLake
3126,AnnualCrop
626,AnnualCrop
4174,River
862,Highway
4166,HerbaceousVegetation
50,AnnualCrop
2839,SeaLake
3404,HerbaceousVegetation
3558,SeaLake
1961,AnnualCrop
2232,Forest
2453,Pasture
3212,Residential
2657,HerbaceousVegetation
1585,Residential
2412,Pasture
2854,AnnualCrop
1062,SeaLake
3058,AnnualCrop
3292,SeaLake
1109,Pasture
3031,AnnualCrop
3519,HerbaceousVegetation
767,SeaLake
1424,Highway
1799,Forest
1261,HerbaceousVegetation
1785,Forest
785,SeaLake
2733,River
3960,SeaLake
891,Pasture
2375,SeaLake
2127,Industrial
1361,River
256,AnnualCrop
2601,AnnualCrop
406,Pasture
1986,River
3897,Pasture
225,SeaLake
2845,SeaLake
3549,Pasture
2303,Pasture
359,HerbaceousVegetation
685,SeaLake
3025,SeaLake
2029,HerbaceousVegetation
2391,Forest
3194,HerbaceousVegetation
1300,Pasture
1781,Forest
4104,SeaLake
1094,SeaLake
2500,Residential
3032,HerbaceousVegetation
2153,Pasture
2990,SeaLake
3398,SeaLake
3640,Residential
1731,HerbaceousVegetation
3812,SeaLake
14,Forest
1492,Residential
4204,AnnualCrop
2876,SeaLake
3981,HerbaceousVegetation
3298,HerbaceousVegetation
3505,Forest
3929,HerbaceousVegetation
3078,HerbaceousVegetation
2557,AnnualCrop
701,Pasture
877,AnnualCrop
797,SeaLake
3026,SeaLake
2462,AnnualCrop
3553,SeaLake
3010,HerbaceousVegetation
1919,AnnualCrop
3570,SeaLake
4098,River
1694,SeaLake
737,SeaLake
3561,Industrial
666,HerbaceousVegetation
4123,Pasture
3334,SeaLake
3142,SeaLake
1682,SeaLake
1632,AnnualCrop
2114,River
1393,SeaLake
3488,Forest
1097,SeaLake
3244,SeaLake
2492,River
2415,Industrial
2757,AnnualCrop
2226,HerbaceousVegetation
2818,HerbaceousVegetation
4016,Pasture
3823,Residential
2132,SeaLake
2925,Residential
11,SeaLake
3082,SeaLake
4144,AnnualCrop
577,Pasture
2698,Pasture
4151,HerbaceousVegetation
2713,HerbaceousVegetation
3067,Residential
1560,AnnualCrop
4039,SeaLake
2581,Forest
2565,HerbaceousVegetation
3675,SeaLake
2484,Industrial
1147,HerbaceousVegetation
1498,AnnualCrop
1074,Forest
3568,SeaLake
391,SeaLake
697,Pasture
237,SeaLake
3379,Forest
2561,SeaLake
3165,Pasture
3169,Pasture
348,Residential
1548,Highway
2989,Industrial
258,Pasture
2837,Residential
2857,Forest
1546,SeaLake
1754,Forest
2908,Forest
3326,HerbaceousVegetation
1284,Pasture
3325,SeaLake
3009,HerbaceousVegetation
1570,SeaLake
860,SeaLake
335,Forest
1396,SeaLake
287,Forest
3262,SeaLake
3752,AnnualCrop
1739,AnnualCrop
1405,HerbaceousVegetation
678,Pasture
1784,Highway
2418,SeaLake
1467,SeaLake
1085,HerbaceousVegetation
1713,SeaLake
633,AnnualCrop
3153,HerbaceousVegetation
3247,Forest
2739,SeaLake
942,HerbaceousVegetation
2248,River
4005,Pasture
1926,Residential
3036,AnnualCrop
4031,Pasture
1686,Residential
3040,Pasture
3692,SeaLake
3520,River
3483,HerbaceousVegetation
879,Pasture
601,HerbaceousVegetation
2384,Forest
3594,SeaLake
1741,SeaLake
3841,Industrial
2808,HerbaceousVegetation
2911,SeaLake
3386,AnnualCrop
4047,SeaLake
4227,Forest
1586,Residential
1621,Pasture
3820,AnnualCrop
1259,SeaLake
1913,SeaLake
3955,SeaLake
3830,Industrial
976,SeaLake
2590,Industrial
3381,SeaLake
3652,Highway
3208,Forest
1918,Pasture
1489,River
1473,HerbaceousVegetation
3454,SeaLake
2506,Pasture
911,Industrial
3616,SeaLake
176,HerbaceousVegetation
2802,Highway
591,Industrial
1573,Forest
1187,Pasture
246,Pasture
3354,SeaLake
1051,Pasture
903,River
1481,SeaLake
2747,Pasture
2751,AnnualCrop
2946,SeaLake
3879,Pasture
2886,HerbaceousVegetation
233,River
376,SeaLake
1020,SeaLake
2192,River
780,Pasture
1267,HerbaceousVegetation
194,SeaLake
882,Industrial
2070,HerbaceousVegetation
183,Pasture
1093,AnnualCrop
3125,Forest
2090,River
2537,SeaLake
2680,Pasture
1295,Residential
2335,Pasture
2764,HerbaceousVegetation
1638,SeaLake
3832,Forest
64,SeaLake
1513,Pasture
3575,Industrial
800,Forest
1697,Pasture
3730,HerbaceousVegetation
2333,Pasture
3922,HerbaceousVegetation
919,SeaLake
2028,Residential
886,AnnualCrop
878,Forest
2968,SeaLake
1710,Highway
3267,Forest
278,HerbaceousVegetation
1089,Highway
1526,HerbaceousVegetation
1842,Forest
3191,Forest
389,HerbaceousVegetation
3171,Pasture
2040,AnnualCrop
3642,HerbaceousVegetation
3037,AnnualCrop
2258,Pasture
522,Forest
2741,HerbaceousVegetation
2117,Highway
2673,Industrial
4128,SeaLake
2094,HerbaceousVegetation
2003,AnnualCrop
3463,SeaLake
337,Highway
1126,Industrial
944,Forest
1460,Highway
3436,HerbaceousVegetation
3786,SeaLake
449,AnnualCrop
367,Residential
972,Industrial
3359,HerbaceousVegetation
3035,HerbaceousVegetation
2956,Forest
1734,HerbaceousVegetation
1052,AnnualCrop
1068,HerbaceousVegetation
945,Residential
572,Forest
964,SeaLake
1990,AnnualCrop
262,Forest
1523,Forest
727,HerbaceousVegetation
1321,SeaLake
3075,Forest
137,Forest
4229,River
3144,Forest
2407,SeaLake
902,Forest
2251,AnnualCrop
2778,SeaLake
1466,Pasture
1778,Forest
2262,Pasture
1241,SeaLake
2544,Residential
3107,Pasture
806,Forest
1820,Forest
1938,Forest
2511,SeaLake
2944,SeaLake
2577,Highway
2473,HerbaceousVegetation
4029,Residential
3096,Pasture
1602,Pasture
3193,Forest
3430,AnnualCrop
3882,Residential
500,HerbaceousVegetation
758,Forest
1145,HerbaceousVegetation
37,AnnualCrop
34,AnnualCrop
261,Pasture
2443,Pasture
656,Pasture
3999,Forest
245,Industrial
2429,SeaLake
304,SeaLake
1213,River
68,River
1015,SeaLake
2078,SeaLake
1016,HerbaceousVegetation
2198,HerbaceousVegetation
4046,AnnualCrop
1235,Forest
2289,AnnualCrop
1339,Forest
2784,Residential
124,Pasture
503,SeaLake
3167,Pasture
349,SeaLake
574,HerbaceousVegetation
71,Pasture
4089,SeaLake
186,Pasture
3062,Forest
3712,AnnualCrop
3631,HerbaceousVegetation
2461,SeaLake
2498,SeaLake
568,AnnualCrop
1576,Pasture
2589,SeaLake
2584,Industrial
2699,SeaLake
2109,SeaLake
2526,HerbaceousVegetation
1343,HerbaceousVegetation
888,AnnualCrop
177,Forest
2112,SeaLake
1228,AnnualCrop
379,AnnualCrop
492,AnnualCrop
887,SeaLake
725,AnnualCrop
2729,HerbaceousVegetation
3481,AnnualCrop
3506,Pasture
227,Forest
329,AnnualCrop
3039,Residential
2681,SeaLake
3480,AnnualCrop
956,SeaLake
303,AnnualCrop
3773,HerbaceousVegetation
3628,Forest
2530,SeaLake
1772,SeaLake
1975,AnnualCrop
2532,HerbaceousVegetation
2702,Pasture
3088,HerbaceousVegetation
69,SeaLake
974,HerbaceousVegetation
1333,SeaLake
3797,Forest
1084,AnnualCrop
3915,Pasture
548,Pasture
322,SeaLake
1475,HerbaceousVegetation
1844,AnnualCrop
3889,HerbaceousVegetation
2597,Pasture
702,HerbaceousVegetation
1987,PermanentCrop
4111,HerbaceousVegetation
1251,Industrial
3081,AnnualCrop
1044,Pasture
1630,HerbaceousVegetation
3639,SeaLake
2176,HerbaceousVegetation
3601,AnnualCrop
1917,Pasture
2840,HerbaceousVegetation
2394,HerbaceousVegetation
4231,Forest
3899,AnnualCrop
2927,Forest
695,SeaLake
23,SeaLake
1316,Pasture
2080,Pasture
2466,SeaLake
184,AnnualCrop
3560,Forest
2238,Forest
2710,Highway
1909,SeaLake
1389,HerbaceousVegetation
2677,HerbaceousVegetation
397,AnnualCrop
1050,SeaLake
1070,Forest
1406,Forest
180,AnnualCrop
818,HerbaceousVegetation
1280,HerbaceousVegetation
3966,Residential
97,HerbaceousVegetation
3237,SeaLake
3023,SeaLake
1452,Industrial
1967,AnnualCrop
1569,Residential
868,Forest
2965,Residential
1850,Pasture
2827,Residential
2646,HerbaceousVegetation
3206,HerbaceousVegetation
3425,Pasture
1862,HerbaceousVegetation
2959,SeaLake
2735,SeaLake
1150,Residential
953,Pasture
377,HerbaceousVegetation
2459,SeaLake
2425,Highway
1568,Industrial
3775,HerbaceousVegetation
1793,Highway
3728,AnnualCrop
3215,Residential
978,SeaLake
3189,HerbaceousVegetation
2022,River
1620,Pasture
65,SeaLake
1168,HerbaceousVegetation
541,HerbaceousVegetation
699,AnnualCrop
1597,Forest
1615,SeaLake
918,HerbaceousVegetation
1634,AnnualCrop
1004,SeaLake
2676,AnnualCrop
1444,Highway
808,HerbaceousVegetation
3842,AnnualCrop
1657,AnnualCrop
1884,SeaLake
501,River
2455,Pasture
3498,Forest
1240,Pasture
2502,HerbaceousVegetation
2554,Forest
1329,Pasture
2152,Pasture
3127,Forest
3300,HerbaceousVegetation
309,SeaLake
1156,Pasture
496,SeaLake
3699,Pasture
21,Industrial
3828,River
275,River
2057,River
4025,HerbaceousVegetation
3611,SeaLake
3056,Forest
248,SeaLake
3426,HerbaceousVegetation
3440,HerbaceousVegetation
2369,River
3146,HerbaceousVegetation
1,River
1848,River
1324,HerbaceousVegetation
3064,Pasture
2777,HerbaceousVegetation
1447,HerbaceousVegetation
3522,Forest
2087,Pasture
680,Highway
2711,Forest
707,AnnualCrop
2266,SeaLake
3783,HerbaceousVegetation
3556,SeaLake
1305,Forest
1207,AnnualCrop
1818,AnnualCrop
1463,Pasture
848,HerbaceousVegetation
1360,HerbaceousVegetation
3166,Forest
1421,Forest
504,River
748,Pasture
2175,SeaLake
4158,Pasture
3223,Pasture
2122,HerbaceousVegetation
2120,AnnualCrop
1013,SeaLake
3982,Forest
2195,HerbaceousVegetation
665,Pasture
3537,HerbaceousVegetation
2133,SeaLake
1121,HerbaceousVegetation
2331,AnnualCrop
2844,SeaLake
2270,SeaLake
2141,HerbaceousVegetation
468,Pasture
3798,SeaLake
3115,SeaLake
537,SeaLake
3764,Forest
3511,SeaLake
3858,River
403,HerbaceousVegetation
3833,Industrial
3512,SeaLake
1939,Forest
3438,AnnualCrop
4049,Forest
580,Residential
1200,SeaLake
1349,SeaLake
2691,Pasture
3862,SeaLake
1880,Forest
1981,Forest
1543,AnnualCrop
847,HerbaceousVegetation
994,SeaLake
3727,Industrial
2113,Forest
742,SeaLake
851,Industrial
628,Industrial
4081,AnnualCrop
1310,HerbaceousVegetation
1758,Forest
1454,SeaLake
1425,SeaLake
1019,AnnualCrop
1077,SeaLake
3472,Residential
1233,Forest
2811,River
3515,SeaLake
3202,Forest
813,Industrial
732,River
2038,SeaLake
74,AnnualCrop
2419,Highway
1335,Residential
230,SeaLake
3017,HerbaceousVegetation
2838,HerbaceousVegetation
788,HerbaceousVegetation
1104,Pasture
1039,AnnualCrop
2376,Pasture
2209,SeaLake
661,SeaLake
2245,River
4164,Pasture
4032,River
2819,Highway
3320,HerbaceousVegetation
1195,Industrial
3049,AnnualCrop
3086,HerbaceousVegetation
1102,Pasture
1795,Residential
3624,HerbaceousVegetation
339,AnnualCrop
2047,HerbaceousVegetation
2850,SeaLake
1042,HerbaceousVegetation
3597,HerbaceousVegetation
951,SeaLake
909,SeaLake
2907,Highway
2611,AnnualCrop
881,River
3051,AnnualCrop
2402,SeaLake
208,Forest
1889,SeaLake
175,SeaLake
2252,Pasture
505,Industrial
4199,Pasture
927,Forest
893,SeaLake
1362,Pasture
1901,Pasture
320,SeaLake
3302,Forest
3691,SeaLake
421,Forest
459,Residential
4113,Pasture
3770,Industrial
4159,AnnualCrop
2878,SeaLake
253,Forest
2299,AnnualCrop
129,HerbaceousVegetation
1566,Forest
2865,AnnualCrop
560,SeaLake
1364,Highway
1960,SeaLake
1888,HerbaceousVegetation
1644,HerbaceousVegetation
4112,Highway
1951,Industrial
3613,AnnualCrop
2630,Highway
3145,Forest
2752,Pasture
1098,Residential
1903,SeaLake
3433,AnnualCrop
27,HerbaceousVegetation
1590,Residential
1768,AnnualCrop
3464,Forest
597,SeaLake
618,Residential
6,SeaLake
2309,AnnualCrop
2513,SeaLake
2650,HerbaceousVegetation
318,SeaLake
3282,Forest
4135,SeaLake
2863,Pasture
1860,Highway
217,AnnualCrop
5,AnnualCrop
667,SeaLake
2843,River
1567,AnnualCrop
22,SeaLake
3143,Residential
3918,Residential
3120,SeaLake
4079,HerbaceousVegetation
4120,HerbaceousVegetation
1283,Highway
3986,AnnualCrop
2647,Forest
764,AnnualCrop
2800,Highway
461,Pasture
148,AnnualCrop
1225,SeaLake
1045,Residential
969,Forest
2101,Pasture
1896,Forest
2519,AnnualCrop
1788,Highway
4109,SeaLake
4130,SeaLake
1375,AnnualCrop
40,Forest
840,SeaLake
1071,HerbaceousVegetation
596,SeaLake
3504,SeaLake
1837,Industrial
2336,Industrial
1043,River
2934,SeaLake
2275,HerbaceousVegetation
2265,HerbaceousVegetation
1965,AnnualCrop
3717,Residential
3793,Forest
1357,HerbaceousVegetation
89,SeaLake
822,SeaLake
243,HerbaceousVegetation
3106,SeaLake
770,SeaLake
143,SeaLake
2633,Pasture
1385,AnnualCrop
1584,River
2707,Forest
1271,HerbaceousVegetation
2609,Pasture
793,AnnualCrop
1544,River
514,SeaLake
1378,AnnualCrop
2470,Residential
2776,Residential
1392,SeaLake
1024,River
1417,HerbaceousVegetation
2684,SeaLake
438,SeaLake
899,SeaLake
1367,AnnualCrop
2760,Pasture
1134,Pasture
218,Forest
1971,Pasture
3733,SeaLake
2922,AnnualCrop
3079,Forest
934,Pasture
1660,Highway
3785,SeaLake
803,HerbaceousVegetation
3437,Forest
1146,Industrial
2916,Forest
4178,AnnualCrop
3765,Residential
4083,SeaLake
1746,HerbaceousVegetation
232,Forest
3070,SeaLake
967,AnnualCrop
3061,SeaLake
2604,HerbaceousVegetation
1153,SeaLake
3283,Residential
2520,Pasture
1775,SeaLake
4100,HerbaceousVegetation
2347,SeaLake
2036,Forest
1512,River
1571,Residential
1314,Forest
2084,Residential
2438,HerbaceousVegetation
458,AnnualCrop
688,Pasture
3435,SeaLake
3850,Residential
692,SeaLake
3851,Forest
2958,SeaLake
998,Pasture
3888,Industrial
31,AnnualCrop
1394,AnnualCrop
1973,River
103,Residential
973,HerbaceousVegetation
3286,SeaLake
2939,AnnualCrop
3450,AnnualCrop
544,AnnualCrop
1078,AnnualCrop
603,AnnualCrop
1216,SeaLake
41,Pasture
3211,Pasture
3749,Residential
2834,Pasture
2763,River
3524,Pasture
670,HerbaceousVegetation
3626,SeaLake
1413,Pasture
2790,River
681,SeaLake
1592,Pasture
609,Forest
169,Highway
1264,Forest
4108,HerbaceousVegetation
2227,SeaLake
1415,AnnualCrop
35,AnnualCrop
3690,SeaLake
1514,River
1953,Forest
3683,SeaLake
926,Forest
1275,Pasture
119,HerbaceousVegetation
1105,SeaLake
1949,Forest
1250,Highway
1412,AnnualCrop
2016,Forest
2464,Residential
1076,Forest
2188,AnnualCrop
1815,Residential
3808,HerbaceousVegetation
4013,Forest
2108,Forest
679,HerbaceousVegetation
3204,Highway
1599,HerbaceousVegetation
453,HerbaceousVegetation
578,Forest
2716,Forest
3117,SeaLake
3367,River
308,HerbaceousVegetation
2273,HerbaceousVegetation
1808,AnnualCrop
1937,SeaLake
2001,Pasture
2278,HerbaceousVegetation
2339,HerbaceousVegetation
2072,Pasture
837,Residential
957,HerbaceousVegetation
3509,Forest
2595,SeaLake
948,SeaLake
3378,Forest
3735,AnnualCrop
1823,SeaLake
3338,SeaLake
2239,SeaLake
3883,Pasture
3769,HerbaceousVegetation
2841,HerbaceousVegetation
3478,AnnualCrop
2191,Pasture
409,Pasture
451,SeaLake
135,AnnualCrop
3001,SeaLake
4179,Highway
3152,SeaLake
3350,HerbaceousVegetation
3002,AnnualCrop
3910,SeaLake
1695,AnnualCrop
44,Pasture
1072,Highway
913,Industrial
4131,SeaLake
1841,AnnualCrop
1703,Forest
1555,HerbaceousVegetation
3251,Residential
203,Highway
3990,AnnualCrop
1130,Pasture
3588,Pasture
3609,Forest
3901,Pasture
1472,Forest
1423,SeaLake
2067,SeaLake
61,HerbaceousVegetation
3458,AnnualCrop
3021,HerbaceousVegetation
1549,AnnualCrop
3971,Forest
2512,SeaLake
720,Pasture
2243,SeaLake
4165,Highway
2052,Forest
1091,Pasture
1856,SeaLake
3716,SeaLake
4062,SeaLake
2236,HerbaceousVegetation
3250,Forest
2373,SeaLake
1302,AnnualCrop
1212,Forest
3268,HerbaceousVegetation
1291,Residential
2893,AnnualCrop
3303,Residential
3203,SeaLake
473,SeaLake
2723,Residential
2832,Pasture
1081,HerbaceousVegetation
1947,Residential
713,HerbaceousVegetation
1322,SeaLake
3446,HerbaceousVegetation
3232,Pasture
954,River
2948,Pasture
3415,Highway
2345,HerbaceousVegetation
1419,AnnualCrop
2933,Pasture
2898,HerbaceousVegetation
3041,AnnualCrop
802,HerbaceousVegetation
3906,Pasture
2986,Pasture
3362,SeaLake
2318,SeaLake
1764,HerbaceousVegetation
3005,Forest
781,Forest
3894,HerbaceousVegetation
2693,SeaLake
301,Highway
1159,Forest
4023,Pasture
93,SeaLake
1736,Industrial
3384,SeaLake
2404,Pasture
3241,Residential
2534,SeaLake
16,SeaLake
352,Pasture
873,Industrial
2799,HerbaceousVegetation
1553,HerbaceousVegetation
3347,Forest
277,Forest
311,AnnualCrop
2914,Forest
2580,AnnualCrop
437,HerbaceousVegetation
2049,HerbaceousVegetation
338,AnnualCrop
2696,Pasture
3569,Pasture
968,HerbaceousVegetation
866,Pasture
1163,AnnualCrop
1285,SeaLake
1716,Pasture
632,HerbaceousVegetation
1369,SeaLake
2030,AnnualCrop
2514,HerbaceousVegetation
3214,SeaLake
57,Pasture
820,Pasture
4133,AnnualCrop
874,AnnualCrop
2781,Forest
3995,Pasture
2796,HerbaceousVegetation
1399,AnnualCrop
373,Residential
569,SeaLake
3856,Residential
3452,SeaLake
2259,AnnualCrop
1653,Residential
3382,Highway
509,Forest
2708,HerbaceousVegetation
778,HerbaceousVegetation
3285,Residential
933,Industrial
1341,SeaLake
1237,Highway
1332,SeaLake
2640,Forest
3098,SeaLake
2217,HerbaceousVegetation
949,Forest
1789,HerbaceousVegetation
3843,Residential
1149,HerbaceousVegetation
552,Pasture
3428,Pasture
29,Industrial
2316,Forest
472,Forest
558,AnnualCrop
434,Highway
3123,Industrial
805,AnnualCrop
3705,HerbaceousVegetation
2311,Forest
2371,HerbaceousVegetation
1108,SeaLake
298,SeaLake
3042,SeaLake
1048,AnnualCrop
869,SeaLake
2414,SeaLake
2562,Industrial
773,SeaLake
2571,Forest
2599,SeaLake
2625,Pasture
2895,SeaLake
1067,Pasture
2786,Pasture
1418,SeaLake
3499,River
3710,Pasture
2567,Forest
3377,SeaLake
1162,Pasture
4095,Pasture
3905,HerbaceousVegetation
3974,Pasture
1140,AnnualCrop
3809,SeaLake
297,SeaLake
1167,Residential
3825,HerbaceousVegetation
1631,SeaLake
1836,SeaLake
2744,River
1539,SeaLake
3385,Forest
2984,SeaLake
3846,SeaLake
3306,HerbaceousVegetation
2828,SeaLake
2689,Pasture
2587,AnnualCrop
4044,SeaLake
1610,River
852,Pasture
2093,AnnualCrop
3323,Forest
3047,Pasture
3544,Pasture
3364,Highway
3195,SeaLake
3747,AnnualCrop
3186,HerbaceousVegetation
139,SeaLake
2393,SeaLake
2775,Forest
2482,SeaLake
229,Pasture
1698,AnnualCrop
1376,HerbaceousVegetation
895,River
1966,Residential
155,SeaLake
4193,SeaLake
1690,Residential
3319,SeaLake
111,Pasture
940,Forest
3947,Forest
2501,SeaLake
402,HerbaceousVegetation
2592,SeaLake
3586,Forest
231,AnnualCrop
1398,Industrial
1018,Forest
533,HerbaceousVegetation
608,SeaLake
2203,SeaLake
766,Forest
2055,HerbaceousVegetation
3706,HerbaceousVegetation
2488,SeaLake
113,HerbaceousVegetation
2063,Residential
2859,HerbaceousVegetation
2388,SeaLake
2449,Forest
3819,AnnualCrop
1023,Residential
2642,SeaLake
1723,AnnualCrop
1242,HerbaceousVegetation
2323,Pasture
833,River
510,Residential
4176,Residential
1266,Pasture
3649,AnnualCrop
371,SeaLake
2471,Highway
3508,Residential
791,SeaLake
455,SeaLake
2302,Pasture
3315,SeaLake
3149,SeaLake
562,Pasture
3180,SeaLake
369,SeaLake
712,Industrial
3400,Pasture
3485,HerbaceousVegetation
2849,Pasture
2222,Industrial
192,Residential
3859,AnnualCrop
190,Pasture
374,SeaLake
1558,AnnualCrop
642,Highway
987,HerbaceousVegetation
59,Highway
158,HerbaceousVegetation
4228,AnnualCrop
706,HerbaceousVegetation
2852,SeaLake
2538,Pasture
2982,SeaLake
1279,SeaLake
2408,HerbaceousVegetation
1732,Pasture
2690,AnnualCrop
159,HerbaceousVegetation
1128,Industrial
617,AnnualCrop
738,Highway
1766,Forest
1993,Pasture
3015,Pasture
1238,Forest
2575,Forest
696,HerbaceousVegetation
405,Pasture
3536,SeaLake
1589,Industrial
1056,AnnualCrop
3246,Pasture
4088,SeaLake
858,Highway
28,HerbaceousVegetation
3396,HerbaceousVegetation
390,HerbaceousVegetation
1209,Pasture
2496,Pasture
523,HerbaceousVegetation
2972,SeaLake
2917,PermanentCrop
765,HerbaceousVegetation
4217,Industrial
693,HerbaceousVegetation
2031,HerbaceousVegetation
1883,AnnualCrop
82,AnnualCrop
1855,SeaLake
3969,SeaLake
2154,HerbaceousVegetation
1350,Pasture
2600,Pasture
312,HerbaceousVegetation
255,HerbaceousVegetation
1511,AnnualCrop
1345,SeaLake
1160,AnnualCrop
4149,Residential
2749,HerbaceousVegetation
1000,Pasture
2572,Industrial
2380,Industrial
457,Industrial
2929,Pasture
2860,Pasture
1809,AnnualCrop
2426,Forest
3141,SeaLake
420,River
3806,Forest
3949,HerbaceousVegetation
1882,Industrial
3479,Highway
4206,SeaLake
782,SeaLake
482,River
2620,Forest
2668,Forest
1458,SeaLake
2338,HerbaceousVegetation
2962,Industrial
3380,AnnualCrop
487,HerbaceousVegetation
3925,AnnualCrop
3340,Industrial
1607,SeaLake
2062,River
3230,Pasture
178,HerbaceousVegetation
1248,AnnualCrop
1220,Industrial
3100,SeaLake
671,HerbaceousVegetation
2583,SeaLake
3069,Residential
2370,HerbaceousVegetation
134,HerbaceousVegetation
145,AnnualCrop
1519,Forest
3492,HerbaceousVegetation
4181,Forest
3880,AnnualCrop
3987,AnnualCrop
215,Forest
2515,AnnualCrop
2045,Forest
3261,AnnualCrop
3939,SeaLake
1387,SeaLake
88,Forest
1887,Pasture
786,HerbaceousVegetation
3370,AnnualCrop
96,River
3523,SeaLake
1319,SeaLake
3865,Forest
2201,AnnualCrop
625,SeaLake
2853,HerbaceousVegetation
1049,Residential
161,HerbaceousVegetation
1779,Pasture
2074,Pasture
54,Industrial
754,Highway
1606,Pasture
1290,Forest
4207,Forest
2427,SeaLake
3085,Pasture
876,Industrial
2358,SeaLake
1640,River
2726,SeaLake
1169,Industrial
385,HerbaceousVegetation
3877,HerbaceousVegetation
3179,Pasture
10,SeaLake
1635,HerbaceousVegetation
3517,Pasture
2163,AnnualCrop
107,HerbaceousVegetation
3034,HerbaceousVegetation
2523,AnnualCrop
3390,Forest
1935,AnnualCrop
2574,Residential
3937,Industrial
2894,Pasture
1894,SeaLake
80,AnnualCrop
779,Industrial
2505,Pasture
623,AnnualCrop
1352,AnnualCrop
95,SeaLake
3913,Pasture
364,River
3277,Pasture
2598,AnnualCrop
86,SeaLake
3659,Highway
101,Residential
2885,HerbaceousVegetation
2551,HerbaceousVegetation
3714,SeaLake
3824,SeaLake
2945,Highway
332,HerbaceousVegetation
3451,Forest
4185,HerbaceousVegetation
185,Pasture
672,Forest
3052,Highway
4103,HerbaceousVegetation
441,SeaLake
3358,SeaLake
342,SeaLake
2444,SeaLake
2771,SeaLake
257,HerbaceousVegetation
2184,SeaLake
2903,River
3006,HerbaceousVegetation
350,AnnualCrop
1148,HerbaceousVegetation
1464,HerbaceousVegetation
3514,HerbaceousVegetation
924,AnnualCrop
3563,Highway
2835,Highway
2563,Forest
3673,AnnualCrop
1502,AnnualCrop
2174,SeaLake
930,Highway
3316,HerbaceousVegetation
3477,HerbaceousVegetation
2717,SeaLake
2637,AnnualCrop
3900,SeaLake
2718,AnnualCrop
3275,SeaLake
3868,Residential
4132,HerbaceousVegetation
1218,Industrial
299,Highway
43,SeaLake
2789,HerbaceousVegetation
775,Residential
3368,River
2092,AnnualCrop
4028,AnnualCrop
1205,Forest
529,Forest
1181,HerbaceousVegetation
757,SeaLake
1082,HerbaceousVegetation
854,HerbaceousVegetation
561,Industrial
1009,Pasture
3772,Residential
2103,Highway
3933,HerbaceousVegetation
2181,Residential
1451,HerbaceousVegetation
743,AnnualCrop
1845,Highway
740,Pasture
3414,Pasture
3680,HerbaceousVegetation
2023,SeaLake
2355,Forest
368,Industrial
929,HerbaceousVegetation
2450,Forest
1952,Pasture
3158,Pasture
2185,HerbaceousVegetation
550,HerbaceousVegetation
1706,AnnualCrop
3482,Pasture
1477,HerbaceousVegetation
2068,Highway
42,Highway
812,AnnualCrop
590,Forest
2798,SeaLake
3744,Highway
935,SeaLake
3953,Forest
70,SeaLake
3875,HerbaceousVegetation
1879,SeaLake
2976,Pasture
1737,Forest
1127,HerbaceousVegetation
1562,SeaLake
2901,SeaLake
2359,Forest
2328,Residential
330,River
4068,AnnualCrop
631,HerbaceousVegetation
2866,Highway
1434,AnnualCrop
58,SeaLake
3822,AnnualCrop
247,AnnualCrop
733,Forest
450,River
1594,SeaLake
2615,Pasture
3876,Pasture
4150,HerbaceousVegetation
4175,HerbaceousVegetation
2660,Residential
334,Forest
834,Pasture
585,Pasture
1459,Pasture
801,Forest
2472,SeaLake
641,HerbaceousVegetation
4124,HerbaceousVegetation
386,Forest
481,SeaLake
1445,AnnualCrop
4093,SeaLake
1059,AnnualCrop
3301,HerbaceousVegetation
2937,Industrial
2535,SeaLake
1614,HerbaceousVegetation
3297,SeaLake
344,HerbaceousVegetation
831,Industrial
1311,SeaLake
3526,River
291,HerbaceousVegetation
2035,AnnualCrop
412,Residential
1830,Pasture
2014,SeaLake
2541,SeaLake
319,Pasture
3027,SeaLake
3827,Pasture
521,AnnualCrop
4147,AnnualCrop
1661,Highway
4065,SeaLake
2662,HerbaceousVegetation
3606,AnnualCrop
1535,SeaLake
2560,HerbaceousVegetation
2180,AnnualCrop
2728,SeaLake
4136,HerbaceousVegetation
1854,AnnualCrop
1141,SeaLake
2121,Forest
2820,Pasture
2247,AnnualCrop
1092,Forest
394,HerbaceousVegetation
2884,Industrial
4194,AnnualCrop
4183,HerbaceousVegetation
1629,SeaLake
981,Forest
988,AnnualCrop
2700,AnnualCrop
343,SeaLake
1222,SeaLake
2137,Pasture
3577,HerbaceousVegetation
1401,AnnualCrop
916,Forest
3405,SeaLake
2549,Forest
2545,Pasture
4110,SeaLake
807,Forest
1257,Pasture
2386,AnnualCrop
3157,HerbaceousVegetation
3045,AnnualCrop
2671,HerbaceousVegetation
936,AnnualCrop
4070,HerbaceousVegetation
73,SeaLake
2734,HerbaceousVegetation
2704,SeaLake
3940,Highway
2193,AnnualCrop
3218,SeaLake
2431,Forest
429,Industrial
3795,SeaLake
2166,Pasture
4155,Forest
4161,Highway
1787,SeaLake
3756,Forest
4036,HerbaceousVegetation
1921,SeaLake
1587,Pasture
1313,AnnualCrop
1487,SeaLake
950,AnnualCrop
1755,AnnualCrop
3840,SeaLake
2367,SeaLake
3796,HerbaceousVegetation
2631,SeaLake
643,Highway
2050,Highway
2762,SeaLake
3418,SeaLake
2026,SeaLake
3885,HerbaceousVegetation
3184,HerbaceousVegetation
1176,Pasture
1928,HerbaceousVegetation
2288,Pasture
84,SeaLake
3110,SeaLake
3644,HerbaceousVegetation
943,AnnualCrop
4157,Pasture
1933,SeaLake
3954,HerbaceousVegetation
1687,Highway
1780,SeaLake
1198,Forest
2669,SeaLake
2046,SeaLake
2272,AnnualCrop
2974,HerbaceousVegetation
1708,SeaLake
1381,Highway
539,Pasture
1330,SeaLake
1027,Forest
2701,AnnualCrop
2283,Forest
3963,SeaLake
48,Highway
724,HerbaceousVegetation
2064,SeaLake
307,HerbaceousVegetation
2296,Highway
1747,Forest
3617,Forest
416,Residential
3774,Pasture
3799,Highway
2149,Pasture
2848,SeaLake
3807,Forest
2286,Industrial
3582,HerbaceousVegetation
4073,AnnualCrop
2724,Residential
3299,AnnualCrop
2285,Highway
3636,Forest
2670,Pasture
4055,SeaLake
1407,AnnualCrop
2906,Highway
3182,Industrial
3080,HerbaceousVegetation
674,SeaLake
1551,HerbaceousVegetation
2588,River
1348,AnnualCrop
1743,HerbaceousVegetation
1282,SeaLake
751,HerbaceousVegetation
146,SeaLake
4059,SeaLake
3670,Highway
1371,HerbaceousVegetation
3278,HerbaceousVegetation
600,SeaLake
3776,Industrial
1471,SeaLake
2342,Pasture
2446,HerbaceousVegetation
1792,Pasture
1833,Forest
1117,HerbaceousVegetation
407,Pasture
3891,Forest
883,HerbaceousVegetation
769,AnnualCrop
602,Residential
18,AnnualCrop
3742,Residential
4009,SeaLake
2813,Pasture
493,HerbaceousVegetation
982,Pasture
1757,SeaLake
9,Forest
2202,AnnualCrop
1135,Residential
323,HerbaceousVegetation
1410,Pasture
3648,AnnualCrop
1095,Forest
276,SeaLake
2831,Pasture
3475,HerbaceousVegetation
1370,River
3610,SeaLake
3407,Pasture
4045,Residential
100,SeaLake
2086,Pasture
1740,HerbaceousVegetation
0,HerbaceousVegetation
3935,SeaLake
508,HerbaceousVegetation
4230,Residential
3271,SeaLake
2284,SeaLake
1177,Forest
2058,Industrial
465,SeaLake
2281,HerbaceousVegetation
4208,Highway
3147,Pasture
535,AnnualCrop
2400,Pasture
1041,SeaLake
2736,SeaLake
19,River
1088,Forest
2540,AnnualCrop
78,Forest
2100,Forest
153,Pasture
915,AnnualCrop
66,SeaLake
3951,HerbaceousVegetation
3216,River
3150,SeaLake
2110,SeaLake
3487,Forest
1528,AnnualCrop
2938,Residential
3679,AnnualCrop
3952,Pasture
3089,Industrial
2099,AnnualCrop
2980,HerbaceousVegetation
958,Pasture
1559,Pasture
396,SeaLake
2791,Industrial
1204,SeaLake
3768,Forest
1655,River
2758,HerbaceousVegetation
2322,SeaLake
2507,Pasture
3459,HerbaceousVegetation
3964,HerbaceousVegetation
823,Pasture
3118,Pasture
2389,Industrial
1510,Pasture
3527,SeaLake
2440,SeaLake
2570,HerbaceousVegetation
1724,Residential
1426,HerbaceousVegetation
4211,Residential
3466,Pasture
530,Industrial
2385,Forest
1210,HerbaceousVegetation
3893,Forest
907,SeaLake
2555,Highway
1008,AnnualCrop
3087,HerbaceousVegetation
4000,SeaLake
2010,SeaLake
3605,Forest
645,Residential
2527,Highway
1941,SeaLake
2924,Forest
67,SeaLake
471,SeaLake
32,SeaLake
3121,SeaLake
904,Forest
3122,Pasture
1414,Highway
1351,SeaLake
2155,Forest
2626,HerbaceousVegetation
2504,HerbaceousVegetation
1666,HerbaceousVegetation
1377,SeaLake
3339,SeaLake
1680,SeaLake
520,Residential
2437,HerbaceousVegetation
3998,Industrial
1125,Industrial
1722,AnnualCrop
3962,HerbaceousVegetation
3346,SeaLake
1988,Forest
2138,Industrial
1534,Pasture
1770,Forest
3729,River
857,SeaLake
1550,SeaLake
2442,Highway
2051,Pasture
469,Pasture
2365,HerbaceousVegetation
1190,Pasture
3590,Forest
3055,HerbaceousVegetation
1794,Pasture
2582,AnnualCrop
804,Forest
2612,SeaLake
2721,Forest
1014,Residential
3634,HerbaceousVegetation
3253,HerbaceousVegetation
1047,SeaLake
98,Residential
2564,SeaLake
2975,Pasture
845,SeaLake
1814,AnnualCrop
1831,Residential
3469,SeaLake
1643,Pasture
2659,Highway
384,Industrial
1388,HerbaceousVegetation
2006,Pasture
3655,Industrial
2932,SeaLake
2013,Residential
3595,SeaLake
1800,AnnualCrop
2826,HerbaceousVegetation
2076,Pasture
1456,Industrial
2297,Residential
1821,AnnualCrop
629,SeaLake
2754,Forest
796,Forest
565,Highway
3658,Highway
2250,HerbaceousVegetation
3274,SeaLake
4082,Pasture
2645,SeaLake
2479,SeaLake
2073,HerbaceousVegetation
3704,SeaLake
1443,Highway
1924,Industrial
2487,Forest
2293,Forest
1717,Pasture
499,SeaLake
2720,HerbaceousVegetation
1659,Residential
1244,HerbaceousVegetation
1139,HerbaceousVegetation
817,Highway
358,SeaLake
992,SeaLake
4219,AnnualCrop
3743,Highway
418,Forest
477,Pasture
1663,Highway
3033,Pasture
188,HerbaceousVegetation
2558,SeaLake
1910,Pasture
2142,AnnualCrop
2124,AnnualCrop
3129,SeaLake
2123,AnnualCrop
3091,AnnualCrop
3065,Pasture
1497,SeaLake
3003,Pasture
3567,SeaLake
1269,Residential
1877,Forest
428,Pasture
570,Forest
2900,AnnualCrop
2282,Residential
1301,SeaLake
922,Pasture
1522,HerbaceousVegetation
1575,SeaLake
2102,HerbaceousVegetation
3662,Forest
669,Pasture
235,Pasture
2768,SeaLake
4212,AnnualCrop
3417,AnnualCrop
1577,Forest
1604,SeaLake
1679,AnnualCrop
1943,SeaLake
2793,Highway
269,Forest
1930,Forest
1203,Forest
2291,AnnualCrop
3484,Pasture
3228,Forest
2177,HerbaceousVegetation
3701,Residential
1003,Pasture
3946,Industrial
2105,HerbaceousVegetation
1893,SeaLake
2725,River
328,HerbaceousVegetation
986,HerbaceousVegetation
1441,Pasture
2361,HerbaceousVegetation
2162,AnnualCrop
2941,Residential
2320,Residential
843,HerbaceousVegetation
154,HerbaceousVegetation
4099,SeaLake
859,Forest
3993,Pasture
586,AnnualCrop
2356,Residential
274,SeaLake
4142,AnnualCrop
3219,River
2829,AnnualCrop
2618,Forest
1491,River
1031,Pasture
2310,Forest
166,AnnualCrop
1874,Highway
3663,River
3629,SeaLake
3513,AnnualCrop
104,HerbaceousVegetation
2033,SeaLake
2856,Pasture
444,AnnualCrop
4180,HerbaceousVegetation
442,SeaLake
2139,HerbaceousVegetation
427,Pasture
999,SeaLake
2942,SeaLake
1124,HerbaceousVegetation
2160,SeaLake
2782,Industrial
3815,Highway
1277,Pasture
2411,AnnualCrop
456,SeaLake
2940,SeaLake
2807,Industrial
1670,SeaLake
1745,Pasture
1600,Forest
2059,AnnualCrop
224,SeaLake
3139,Highway
3878,Forest
3988,Forest
1230,River
721,Industrial
4030,River
3360,SeaLake
1293,SeaLake
1908,Residential
1327,Pasture
825,River
598,SeaLake
1151,Highway
2374,SeaLake
1803,AnnualCrop
1191,SeaLake
1116,AnnualCrop
3625,HerbaceousVegetation
1852,HerbaceousVegetation
1132,Forest
206,HerbaceousVegetation
4066,Pasture
752,Highway
2292,HerbaceousVegetation
2403,SeaLake
1479,HerbaceousVegetation
1545,SeaLake
900,HerbaceousVegetation
2804,SeaLake
1154,Forest
1060,HerbaceousVegetation
519,AnnualCrop
2997,Residential
2362,Pasture
650,SeaLake
3249,Residential
2915,AnnualCrop
1063,HerbaceousVegetation
594,SeaLake
624,SeaLake
2213,SeaLake
1890,HerbaceousVegetation
2244,Forest
1265,Pasture
475,River
62,Residential
147,Forest
3873,Residential
996,SeaLake
2797,Highway
3198,HerbaceousVegetation
3507,Industrial
3375,AnnualCrop
3071,SeaLake
1229,Pasture
2553,River
3805,SeaLake
452,SeaLake
1712,SeaLake
3979,HerbaceousVegetation
1783,HerbaceousVegetation
2096,HerbaceousVegetation
2021,SeaLake
991,SeaLake
747,HerbaceousVegetation
917,SeaLake
2218,AnnualCrop
2765,HerbaceousVegetation
2602,SeaLake
3762,AnnualCrop
682,Pasture
2106,AnnualCrop
582,Residential
4221,HerbaceousVegetation
3288,Pasture
1721,SeaLake
717,HerbaceousVegetation
1995,Pasture
4041,SeaLake
3408,Residential
201,SeaLake
3429,HerbaceousVegetation
4040,SeaLake
2405,Forest
3217,HerbaceousVegetation
380,SeaLake
2435,SeaLake
4006,SeaLake
1870,Residential
3919,SeaLake
1087,Pasture
4210,Industrial
3331,AnnualCrop
1753,Residential
4205,HerbaceousVegetation
4218,Forest
684,Residential
3124,SeaLake
663,Pasture
2709,SeaLake
755,SeaLake
1131,SeaLake
1273,Highway
106,Forest
1863,Forest
118,SeaLake
2088,SeaLake
2457,SeaLake
839,HerbaceousVegetation
1774,HerbaceousVegetation
925,HerbaceousVegetation
485,Industrial
2524,SeaLake
3740,AnnualCrop
3018,HerbaceousVegetation
372,Pasture
3892,AnnualCrop
3137,HerbaceousVegetation
4169,Industrial
2144,Residential
3236,AnnualCrop
4061,Forest
1165,Forest
1699,HerbaceousVegetation
1409,HerbaceousVegetation
3008,Forest
2214,Forest
1143,SeaLake
2579,AnnualCrop
606,SeaLake
1948,AnnualCrop
3231,Residential
388,Pasture
2126,SeaLake
3324,Pasture
2889,AnnualCrop
3419,HerbaceousVegetation
1486,Industrial
2805,SeaLake
439,HerbaceousVegetation
1565,AnnualCrop
1194,River
613,Residential
3406,Pasture
910,SeaLake
1563,Industrial
3486,AnnualCrop
1730,AnnualCrop
443,SeaLake
3870,Forest
413,HerbaceousVegetation
1331,SeaLake
2475,AnnualCrop
1878,SeaLake
1026,River
2378,Forest
445,Forest
3291,Pasture
410,Industrial
2715,AnnualCrop
3668,HerbaceousVegetation
3896,SeaLake
4139,PermanentCrop
3059,Residential
2382,Forest
75,Pasture
2390,HerbaceousVegetation
164,Industrial
3397,AnnualCrop
53,Forest
1138,SeaLake
2179,AnnualCrop
3565,Residential
2007,Pasture
3709,Residential
842,SeaLake
714,Pasture
392,HerbaceousVegetation
2151,SeaLake
3200,SeaLake
3,SeaLake
3116,Forest
289,HerbaceousVegetation
3821,SeaLake
1832,Forest
24,HerbaceousVegetation
3703,SeaLake
2730,SeaLake
745,HerbaceousVegetation
1173,HerbaceousVegetation
861,HerbaceousVegetation
961,Pasture
3207,Pasture
395,Pasture
984,Pasture
1554,Pasture
2833,SeaLake
3444,Forest
292,SeaLake
1450,Residential
1750,HerbaceousVegetation
116,Forest
1073,HerbaceousVegetation
1133,Forest
2547,HerbaceousVegetation
1189,Forest
3587,SeaLake
1217,SeaLake
896,River
2008,AnnualCrop
77,Forest
3898,Residential
244,Pasture
3848,Industrial
3855,Residential
1110,Forest
2664,Pasture
2830,SeaLake
3413,HerbaceousVegetation
4191,HerbaceousVegetation
2525,SeaLake
3048,Residential
1561,AnnualCrop
865,SeaLake
2824,Residential
3239,SeaLake
2136,Forest
2220,Forest
216,SeaLake
3256,SeaLake
880,Forest
2349,River
4008,Industrial
1107,AnnualCrop
2116,River
1304,SeaLake
1298,Pasture
3112,River
3745,AnnualCrop
3094,AnnualCrop
538,HerbaceousVegetation
144,Pasture
1274,Forest
4094,AnnualCrop
3029,Residential
3238,HerbaceousVegetation
526,AnnualCrop
151,Pasture
1525,Highway
827,Forest
2875,Pasture
3708,Highway
3780,River
2508,Pasture
3826,Forest
1455,Pasture
33,AnnualCrop
4021,Forest
513,HerbaceousVegetation
2256,AnnualCrop
150,HerbaceousVegetation
1580,Highway
1678,Pasture
731,AnnualCrop
941,Forest
1773,Forest
3361,AnnualCrop
1268,HerbaceousVegetation
211,Forest
4091,SeaLake
3205,Pasture
3343,Pasture
157,HerbaceousVegetation
1618,SeaLake
1328,Residential
2960,Pasture
2867,SeaLake
4020,SeaLake
657,Forest
2395,HerbaceousVegetation
4096,HerbaceousVegetation
313,SeaLake
2294,AnnualCrop
4003,Pasture
1022,HerbaceousVegetation
3281,SeaLake
447,SeaLake
3541,SeaLake
2483,HerbaceousVegetation
3697,Pasture
1805,Pasture
2044,SeaLake
331,Forest
1517,SeaLake
885,AnnualCrop
4188,AnnualCrop
1272,River
2870,AnnualCrop
393,Forest
4018,AnnualCrop
3054,SeaLake
4007,SeaLake
2295,HerbaceousVegetation
2042,AnnualCrop
1596,Pasture
3348,Pasture
3852,SeaLake
1384,Residential
3264,Pasture
3399,Forest
1579,River
3155,Pasture
3133,Highway
1359,AnnualCrop
3698,Residential
1247,Pasture
2750,Pasture
141,SeaLake
1320,Forest
525,HerbaceousVegetation
3161,Residential
3235,Pasture
2842,River
872,Industrial
3108,Forest
171,SeaLake
1729,Pasture
2685,SeaLake
2737,HerbaceousVegetation
960,SeaLake
2920,AnnualCrop
2056,Residential
3296,AnnualCrop
3259,Forest
4220,Highway
3959,AnnualCrop
2018,HerbaceousVegetation
2887,Pasture
4076,AnnualCrop
542,Industrial
2319,Residential
72,Pasture
3791,HerbaceousVegetation
2366,HerbaceousVegetation
662,HerbaceousVegetation
1462,SeaLake
3531,Industrial
2271,SeaLake
3442,Pasture
2267,Pasture
2697,AnnualCrop
1996,Industrial
2639,SeaLake
3373,SeaLake
2977,HerbaceousVegetation
1689,AnnualCrop
162,Residential
2485,Highway
690,Forest
3654,Forest
3932,Forest
1373,Forest
1859,HerbaceousVegetation
2082,Forest
2171,SeaLake
1474,Pasture
3818,Pasture
2495,SeaLake
4024,AnnualCrop
2071,Residential
3771,SeaLake
3661,HerbaceousVegetation
3109,Industrial
483,SeaLake
1825,HerbaceousVegetation
2363,AnnualCrop
1537,Residential
2516,Forest
2161,Forest
2714,Pasture
855,Forest
3760,AnnualCrop
2083,River
4067,SeaLake
3310,SeaLake
1161,Pasture
2430,AnnualCrop
2578,Industrial
2667,Pasture
3254,Forest
1258,AnnualCrop
36,SeaLake
341,Forest
3273,HerbaceousVegetation
1006,SeaLake
1700,Industrial
2994,Residential
4090,HerbaceousVegetation
2971,SeaLake
2423,HerbaceousVegetation
3593,Pasture
1547,AnnualCrop
604,AnnualCrop
2623,Industrial
360,SeaLake
1726,HerbaceousVegetation
1142,AnnualCrop
189,SeaLake
25,Industrial
1192,Highway
432,AnnualCrop
811,HerbaceousVegetation
3942,Pasture
1915,Forest
750,SeaLake
464,AnnualCrop
3643,Forest
1374,River
3596,SeaLake
163,HerbaceousVegetation
3973,SeaLake
2746,SeaLake
3967,River
2439,HerbaceousVegetation
1292,SeaLake
1819,Highway
647,HerbaceousVegetation
3272,Highway
3589,SeaLake
4190,Pasture
2420,Industrial
4156,SeaLake
2880,Forest
1468,AnnualCrop
3004,Industrial
4075,SeaLake
1211,Pasture
1609,AnnualCrop
2613,HerbaceousVegetation
2559,HerbaceousVegetation
1976,HerbaceousVegetation
3657,AnnualCrop
2165,AnnualCrop
2146,HerbaceousVegetation
122,AnnualCrop
3265,Pasture
3789,AnnualCrop
3991,AnnualCrop
1532,SeaLake
3164,Forest
3579,SeaLake
1816,AnnualCrop
3645,Forest
2949,SeaLake
3732,SeaLake
2871,Industrial
2987,SeaLake
2953,Highway
983,HerbaceousVegetation
649,River
1037,HerbaceousVegetation
3402,Forest
571,SeaLake
610,Forest
1675,Forest
4015,Industrial
156,SeaLake
3871,HerbaceousVegetation
3759,Forest
3224,AnnualCrop
3490,AnnualCrop
2422,Highway
3938,HerbaceousVegetation
3092,SeaLake
2891,SeaLake
1931,Forest
294,HerbaceousVegetation
815,SeaLake
1457,Forest
2868,SeaLake
4140,Pasture
2596,Forest
3542,Pasture
1158,SeaLake
3394,Pasture
2742,Highway
962,Industrial
1671,Residential
1886,Pasture
2207,Residential
3000,Pasture
2566,SeaLake
1718,Pasture
1342,SeaLake
204,Pasture
1366,HerbaceousVegetation
3623,AnnualCrop
1469,SeaLake
3496,Pasture
1017,Forest
1028,SeaLake
1866,Highway
3172,HerbaceousVegetation
1524,Forest
3455,HerbaceousVegetation
3811,Pasture
2967,SeaLake
3908,SeaLake
365,AnnualCrop
3307,Forest
2004,Industrial
422,Industrial
4077,SeaLake
1069,SeaLake
1693,SeaLake
1652,SeaLake
1485,Pasture
1826,HerbaceousVegetation
4114,SeaLake
2034,Forest
300,SeaLake
4224,SeaLake
864,Pasture
4080,Pasture
3134,River
3552,HerbaceousVegetation
4054,Highway
3314,Forest
1185,Industrial
1669,HerbaceousVegetation
2261,SeaLake
914,HerbaceousVegetation
1944,Pasture
1646,Highway
1912,HerbaceousVegetation
1762,AnnualCrop
1058,SeaLake
759,AnnualCrop
1907,SeaLake
792,AnnualCrop
419,Pasture
906,Pasture
1923,SeaLake
3447,HerbaceousVegetation
1508,Forest
2305,SeaLake
4200,Forest
581,Forest
2539,Pasture
3618,HerbaceousVegetation
1232,SeaLake
2480,SeaLake
2855,HerbaceousVegetation
1011,Industrial
1676,HerbaceousVegetation
63,Pasture
1214,HerbaceousVegetation
361,AnnualCrop
212,HerbaceousVegetation
2983,AnnualCrop
3222,SeaLake
2053,Industrial
2240,Forest
3539,Highway
3726,SeaLake
4011,Forest
1556,Forest
3188,SeaLake
4198,SeaLake
3332,Pasture
3270,AnnualCrop
3903,Pasture
1243,Forest
1303,Residential
689,HerbaceousVegetation
2772,AnnualCrop
2234,AnnualCrop
2873,HerbaceousVegetation
1137,HerbaceousVegetation
3309,Forest
3074,Residential
2644,SeaLake
3677,SeaLake
3197,Forest
2260,SeaLake
3557,AnnualCrop
2899,HerbaceousVegetation
2705,Residential
2118,Residential
424,HerbaceousVegetation
1974,Residential
3242,AnnualCrop
2467,HerbaceousVegetation
1363,SeaLake
2428,Residential
777,SeaLake
3411,HerbaceousVegetation
2079,SeaLake
1751,Pasture
1317,Forest
2327,AnnualCrop
841,HerbaceousVegetation
3279,SeaLake
3131,AnnualCrop
3844,Forest
2568,SeaLake
108,SeaLake
3761,AnnualCrop
2115,Industrial
3135,Forest
4001,Highway
1797,AnnualCrop
3535,Pasture
127,AnnualCrop
1157,River
651,Pasture
51,River
1239,Pasture
2025,River
3689,SeaLake
2556,River
2135,AnnualCrop
4222,Forest
26,AnnualCrop
497,Pasture
3510,SeaLake
644,AnnualCrop
2794,HerbaceousVegetation
1756,HerbaceousVegetation
993,Residential
1969,Pasture
1619,AnnualCrop
2753,AnnualCrop
2951,HerbaceousVegetation
1231,Residential
3672,HerbaceousVegetation
980,Pasture
1649,Highway
3119,HerbaceousVegetation
2456,SeaLake
2688,Industrial
174,Pasture
3461,Industrial
3857,SeaLake
867,SeaLake
1287,AnnualCrop
4202,HerbaceousVegetation
1760,Forest
2761,SeaLake
205,SeaLake
870,River
614,Residential
3453,HerbaceousVegetation
1978,HerbaceousVegetation
799,Forest
3928,Forest
3693,SeaLake
3687,SeaLake
1086,AnnualCrop
2648,Forest
3671,AnnualCrop
892,HerbaceousVegetation
2458,HerbaceousVegetation
4215,Highway
4196,Pasture
1936,AnnualCrop
3294,AnnualCrop
370,AnnualCrop
2931,SeaLake
4152,Forest
3794,Pasture
3260,Highway
3043,Residential
763,SeaLake
3635,Pasture
2672,Pasture
646,Highway
3538,SeaLake
545,SeaLake
3970,Residential
254,Pasture
55,AnnualCrop
2172,Industrial
3920,Pasture
774,SeaLake
652,AnnualCrop
551,Pasture
2081,Highway
1379,Pasture
3721,Residential
1289,Residential
1925,SeaLake
3290,HerbaceousVegetation
1111,AnnualCrop
1958,Forest
3421,Pasture
1496,AnnualCrop
997,Highway
3181,River
4187,HerbaceousVegetation
2379,River
3965,SeaLake
2821,Pasture
4214,Forest
2469,AnnualCrop
1980,AnnualCrop
1112,HerbaceousVegetation
408,AnnualCrop
1628,HerbaceousVegetation
1294,SeaLake
3867,Residential
658,SeaLake
240,SeaLake
207,AnnualCrop
238,HerbaceousVegetation
728,SeaLake
2398,HerbaceousVegetation
1391,SeaLake
382,SeaLake
920,SeaLake
1430,River
2787,HerbaceousVegetation
1898,HerbaceousVegetation
213,Forest
3529,HerbaceousVegetation
1707,Industrial
2065,SeaLake
2274,HerbaceousVegetation
2719,Residential
1355,Pasture
1249,HerbaceousVegetation
4087,Residential
286,AnnualCrop
1782,Pasture
4195,Forest
3227,Forest
3860,SeaLake
3313,AnnualCrop
546,SeaLake
2158,Pasture
1318,Pasture
3930,HerbaceousVegetation
1054,SeaLake
1834,Residential
126,Forest
2015,Forest
1315,AnnualCrop
1872,Forest
2621,HerbaceousVegetation
3751,SeaLake
3431,HerbaceousVegetation
3240,HerbaceousVegetation
1822,SeaLake
555,Highway
1030,Residential
4014,SeaLake
1033,SeaLake
1061,Forest
4201,Forest
2877,Industrial
448,HerbaceousVegetation
123,SeaLake
1254,AnnualCrop
2242,Residential
2325,HerbaceousVegetation
653,Forest
3578,HerbaceousVegetation
711,Highway
2434,Highway
3289,Forest
3835,SeaLake
3869,Highway
3234,AnnualCrop
3754,Forest
2770,SeaLake
1021,Pasture
1950,AnnualCrop
280,SeaLake
2638,AnnualCrop
1665,Industrial
3551,HerbaceousVegetation
3748,Forest
1922,Forest
2858,Forest
1494,HerbaceousVegetation
1688,Highway
3874,SeaLake
1622,HerbaceousVegetation
2186,HerbaceousVegetation
2576,HerbaceousVegetation
1500,HerbaceousVegetation
3372,HerbaceousVegetation
3476,AnnualCrop
3737,Pasture
1613,HerbaceousVegetation
1281,SeaLake
898,HerbaceousVegetation
1433,SeaLake
502,Forest
3849,SeaLake
3494,Forest
4037,HerbaceousVegetation
1742,Residential
3489,Industrial
2249,SeaLake
2812,SeaLake
460,AnnualCrop
3686,AnnualCrop
226,SeaLake
346,Residential
3665,SeaLake
975,SeaLake
1346,Residential
3424,SeaLake
1648,Industrial
2665,SeaLake
1963,AnnualCrop
3614,HerbaceousVegetation
1598,HerbaceousVegetation
1034,SeaLake
2904,AnnualCrop
1541,HerbaceousVegetation
3201,River
3914,SeaLake
1765,Industrial
2147,AnnualCrop
1260,Forest
3886,Pasture
2780,AnnualCrop
2731,Pasture
2928,Industrial
1520,SeaLake
3700,Pasture
1763,HerbaceousVegetation
1354,HerbaceousVegetation
345,SeaLake
937,Pasture
573,Industrial
4189,SeaLake
3957,SeaLake
2463,HerbaceousVegetation
963,HerbaceousVegetation
4035,Pasture
3491,Residential
2531,AnnualCrop
478,SeaLake
3178,HerbaceousVegetation
399,AnnualCrop
3968,Forest
3502,HerbaceousVegetation
2910,Forest
3173,River
1483,SeaLake
2421,AnnualCrop
4051,HerbaceousVegetation
4027,Highway
3763,SeaLake
2815,SeaLake
708,HerbaceousVegetation
3132,Pasture
3702,SeaLake
2353,HerbaceousVegetation
2401,SeaLake
2912,SeaLake
3518,SeaLake
2655,HerbaceousVegetation
3600,Forest
1946,River
814,SeaLake
2290,SeaLake
543,HerbaceousVegetation
3847,Residential
2486,AnnualCrop
700,Pasture
1465,Forest
3044,SeaLake
3975,HerbaceousVegetation
2636,HerbaceousVegetation
1735,AnnualCrop
293,AnnualCrop
3130,HerbaceousVegetation
1955,HerbaceousVegetation
3432,AnnualCrop
730,HerbaceousVegetation
1641,SeaLake
821,Industrial
1120,Forest
3345,AnnualCrop
2954,Forest
1970,AnnualCrop
3225,Forest
1761,Pasture
149,Forest
3767,Highway
2694,HerbaceousVegetation
2332,Forest
4086,Industrial
3357,Forest
354,HerbaceousVegetation
3599,Forest
1608,AnnualCrop
1627,HerbaceousVegetation
130,AnnualCrop
3138,Pasture
4019,HerbaceousVegetation
430,Forest
3113,AnnualCrop
3471,Highway
2350,SeaLake
1461,Residential
2652,SeaLake
1201,AnnualCrop
1002,Pasture
2494,Forest
1226,Pasture
709,SeaLake
1885,Forest
4138,Forest
863,HerbaceousVegetation
3682,AnnualCrop
474,River
3226,AnnualCrop
3615,River
3607,Industrial
4154,Highway
2674,SeaLake
1564,River
60,Forest
563,Residential
2654,SeaLake
1178,Highway
1129,Residential
2869,HerbaceousVegetation
3028,SeaLake
2767,SeaLake
2159,SeaLake
2308,Residential
3391,Industrial
1639,Highway
4226,Forest
1380,SeaLake
4146,AnnualCrop
3545,Pasture
1650,Pasture
383,HerbaceousVegetation
1572,Pasture
2692,Pasture
1404,Pasture
3734,SeaLake
1654,HerbaceousVegetation
1309,Pasture
1403,Highway
627,Pasture
2169,AnnualCrop
2150,Forest
1527,HerbaceousVegetation
202,Pasture
2279,Forest
3327,HerbaceousVegetation
179,SeaLake
2223,Highway
1482,SeaLake
1252,Forest
433,Highway
1307,River
2187,SeaLake
1224,Pasture
1865,Forest
3101,HerbaceousVegetation
952,River
4071,HerbaceousVegetation
1904,Pasture
1353,HerbaceousVegetation
2304,HerbaceousVegetation
761,Residential
3209,Pasture
3831,Pasture
3592,HerbaceousVegetation
284,Residential
3344,HerbaceousVegetation
2196,SeaLake
1791,HerbaceousVegetation
528,SeaLake
2048,HerbaceousVegetation
3660,AnnualCrop
921,SeaLake
1276,AnnualCrop
559,Highway
3564,SeaLake
1583,AnnualCrop
620,SeaLake
3333,HerbaceousVegetation
1835,HerbaceousVegetation
517,HerbaceousVegetation
2255,Pasture
1506,SeaLake
4056,AnnualCrop
1344,Pasture
1221,SeaLake
1591,Pasture
2585,Industrial
3128,Forest
1119,Pasture
3787,Pasture
2656,Highway
91,HerbaceousVegetation
2881,AnnualCrop
698,Highway
4063,HerbaceousVegetation
1123,HerbaceousVegetation
2306,AnnualCrop
2329,HerbaceousVegetation
1651,Forest
2995,AnnualCrop
3266,Pasture
3573,SeaLake
630,SeaLake
1223,SeaLake
4105,SeaLake
2128,SeaLake
2032,SeaLake
2542,Industrial
4119,SeaLake
1533,SeaLake
3174,HerbaceousVegetation
1484,Pasture
4127,SeaLake
1196,SeaLake
621,HerbaceousVegetation
772,Forest
2383,Forest
3766,AnnualCrop
1824,AnnualCrop
3148,SeaLake
1873,Industrial
4022,Residential
3837,SeaLake
1999,Forest
977,Forest
1347,Pasture
1538,SeaLake
2552,SeaLake
729,Forest
236,HerbaceousVegetation
715,SeaLake
414,Forest
20,HerbaceousVegetation
1136,Industrial
3248,Industrial
1253,SeaLake
3077,Forest
3312,SeaLake
3090,HerbaceousVegetation
2300,SeaLake
2156,Pasture
1326,Industrial
4106,HerbaceousVegetation
4186,Pasture
3016,Residential
3978,Forest
595,AnnualCrop
3647,SeaLake
2432,Highway
436,HerbaceousVegetation
939,SeaLake
515,HerbaceousVegetation
1802,Residential
3293,SeaLake
2197,Forest
340,AnnualCrop
4209,Pasture
1395,AnnualCrop
2441,Forest
12,HerbaceousVegetation
1170,SeaLake
4072,Industrial
2897,Highway
835,River
2348,River
2231,SeaLake
3287,Residential
2774,Highway
2357,SeaLake
4004,HerbaceousVegetation
1199,Forest
897,HerbaceousVegetation
664,HerbaceousVegetation
3388,AnnualCrop
479,Pasture
1530,Forest
3409,SeaLake
826,River
325,SeaLake
1685,Highway
2548,SeaLake
260,AnnualCrop
3571,Pasture
3603,HerbaceousVegetation
411,Residential
2643,Highway
4078,HerbaceousVegetation
1427,Industrial
1323,SeaLake
2098,AnnualCrop
1325,Industrial
789,Residential
2617,HerbaceousVegetation
3604,SeaLake
1733,HerbaceousVegetation
2452,SeaLake
1574,HerbaceousVegetation
798,SeaLake
2352,HerbaceousVegetation
635,AnnualCrop
3233,HerbaceousVegetation
381,HerbaceousVegetation
1720,HerbaceousVegetation
3581,Forest
612,Industrial
1982,SeaLake
2199,HerbaceousVegetation
4172,Forest
506,SeaLake
2947,Forest
3956,AnnualCrop
1390,HerbaceousVegetation
3341,AnnualCrop
3457,AnnualCrop
4058,SeaLake
3422,Highway
2738,HerbaceousVegetation
4137,Highway
795,AnnualCrop
3911,Residential
3722,SeaLake
3255,SeaLake
2679,Pasture
3803,SeaLake
2317,Pasture
3168,HerbaceousVegetation
1040,Forest
890,Residential
3718,SeaLake
753,Residential
2999,SeaLake
3566,Pasture
347,Forest
1164,SeaLake
1025,HerbaceousVegetation
1435,Pasture
2683,Forest
2,Forest
1776,HerbaceousVegetation
1340,HerbaceousVegetation
105,Pasture
2224,HerbaceousVegetation
1813,HerbaceousVegetation
1431,Forest
1439,Industrial
435,SeaLake
3403,HerbaceousVegetation
955,SeaLake
4118,Highway
3410,SeaLake
2075,Residential
3921,Forest
1647,Pasture
1838,HerbaceousVegetation
1858,AnnualCrop
249,HerbaceousVegetation
676,HerbaceousVegetation
3619,River
3994,Forest
1144,Forest
3667,HerbaceousVegetation
2766,AnnualCrop
1297,HerbaceousVegetation
4057,Pasture
2992,Residential
908,HerbaceousVegetation
160,HerbaceousVegetation
2344,SeaLake
1501,Pasture
3934,SeaLake
2653,Pasture
2883,HerbaceousVegetation
3688,Pasture
3651,HerbaceousVegetation
4148,Forest
4167,AnnualCrop
2145,SeaLake
3093,SeaLake
489,Highway
2521,Forest
995,Residential
1557,SeaLake
2182,SeaLake
2973,AnnualCrop
2706,Forest
965,AnnualCrop
2002,Residential
3633,AnnualCrop
3516,Industrial
39,SeaLake
3608,SeaLake
168,Pasture
